"CoullWorks","CoullWorks"
"Catalog Infinite Scroll","Catalog Infinite Scroll"
"General Configuration","General Configuration"
"Enable Infinite Scroll","Enable Infinite Scroll"
"Auto-attach infinite scroll to category and search result lists. Widgets placed manually work regardless of this setting.","Auto-attach infinite scroll to category and search result lists. Widgets placed manually work regardless of this setting."
"Load On Scroll","Load On Scroll"
"Yes: load the next page automatically as the customer nears the bottom. No: only load when the ""View More"" button is clicked.","Yes: load the next page automatically as the customer nears the bottom. No: only load when the ""View More"" button is clicked."
"Scroll Threshold (px)","Scroll Threshold (px)"
"Distance from the bottom of the page, in pixels, at which the next page starts loading.","Distance from the bottom of the page, in pixels, at which the next page starts loading."
"Track Virtual Pageviews","Track Virtual Pageviews"
"Send a virtual pageview to Google Analytics (GA4 gtag or legacy analytics.js) each time a page is appended.","Send a virtual pageview to Google Analytics (GA4 gtag or legacy analytics.js) each time a page is appended."
"Update Browser URL","Update Browser URL"
"Update the address bar (History API) as new pages load so the back button and sharing behave sensibly.","Update the address bar (History API) as new pages load so the back button and sharing behave sensibly."
"Next Button Selector","Next Button Selector"
"CSS selector for the pagination ""next"" link. The module reads the next page URL from it.","CSS selector for the pagination ""next"" link. The module reads the next page URL from it."
"List Container Selector","List Container Selector"
"Item Selector","Item Selector"
"Hide Pagination","Hide Pagination"
"Pagination Selector","Pagination Selector"
"Show End Status","Show End Status"
"End Status Text","End Status Text"
"Layout Mode","Layout Mode"
"Debug Logging","Debug Logging"
"Default (theme grid)","Default (theme grid)"
"Masonry","Masonry"
"Isotope","Isotope"
"Packery","Packery"
"View More","View More"
"No more products","No more products"
"No more items","No more items"
"Infinite Scroll (CoullWorks)","Infinite Scroll (CoullWorks)"
